iter	RMSE
0	12.96029887
1	10.51433001
